,district,data_street,rooms,area,price_eur,period,cur_floor,total_floor,lift,seria,house_type,facilities,len,lon,wifi
0,центр,Авоту 11,2,56.0,380,30,5,6,0,Дов. дом,Каменный,Балкон,56.9507941,24.1291509,0
1,Зиепниеккалнс,Озолциема 28,1,36.0,230,30,8,9,1,602-я,Панельный,"Лоджия, Парковочное место",56.8993465,24.0965117,0
2,центр,Миера 23,1,29.0,370,30,1,3,0,Дов. дом,Деревянный,,56.9631206,24.1312416,0
3,Кенгарагс,Прушу 13,1,29.0,230,30,4,4,0,Хрущ.,Кирпичный,,56.91353902177565,24.18879974792559,0
4,Дарзциемс,Пилдас 44a,1,25.0,250,30,2,3,0,Ч. дом,Кирпичный,Парковочное место,56.9423826,24.1903993,0
5,центр,Матиса 80,2,40.0,380,30,2,5,0,Дов. дом,Кирпичный,,56.9510562,24.1459753,0
6,центр,Чака 117/1,3,67.0,510,30,2,6,1,Рекон.,Каменный,Парковочное место,56.9591716,24.1410583,0
7,Иманта,Слокас 205,2,49.0,360,30,5,5,0,Лит. пр.,Панельный,Лоджия,56.9630003,24.0093281,0
8,центр,Гертрудес 9,3,144.0,850,30,1,7,0,Дов. дом,Каменный,,56.9584131,24.121237,0
9,Югла,Малиенас 74,2,47.0,300,30,3,5,0,Лит. пр.,Кирпично-панельный,Лоджия,56.9758794,24.2512046,0
10,центр,Матиса 18,3,72.0,500,30,4,5,0,Дов. дом,Каменный,Парковочное место,56.9574978,24.1318607,0
11,Иманта,Курземес пр. 154,2,50.0,300,30,5,9,1,602-я,Панельный,Лоджия,56.9572301,23.9989445,0
12,Кенгарагс,Маскавас 285/5,2,44.0,380,30,4,5,0,Лит. пр.,Панельный,"Балкон, Парковочное место",56.9172742,24.1757799,0
13,Шампетерис-Плескодале,Волгунтес 3-20,2,54.0,250,30,3,3,0,Дов. дом,Каменный,,56.9403014,24.0495656,0
14,Дарзциемс,Дарзциема 131,3,65.0,370,30,5,5,0,103-я,Кирпично-панельный,Лоджия,56.9320302,24.1821518,0
15,центр,Стабу 46,2,40.0,350,30,1,6,0,Дов. дом,Каменный,,56.9545063,24.1316496,0
16,Агенскалнс,Слокас 30a,2,52.0,420,30,3,4,0,Рекон.,Каменный,,56.9493512,24.0718774,0
17,Пурвциемс,Дзелзавас 33,1,31.0,240,30,4,5,0,Лит. пр.,Панельный,Балкон,56.9602191,24.180999,0
18,центр,Лачплеша 98,1,27.0,290,30,2,6,1,Спец. пр.,Кирпично-панельный,,56.9443959,24.1323473,0
19,Иманта,Даммес 34,1,36.0,300,30,6,9,1,602-я,Панельный,Парковочное место,56.9650094,24.0104761,0
20,Золитуде,Биезиня 4,1,43.0,250,30,1,9,1,119-я,Панельный,Лоджия,56.9446598,24.0202315,0
21,центр,Авоту 1,2,41.0,500,30,2,5,1,Рекон.,Каменный,,56.951159935461384,24.126975748041026,0
22,Югла,Квелес 33,3,60.0,280,30,4,5,0,Лит. пр.,Панельный,"Балкон, Парковочное место",56.9827242377972,24.248309428295926,0
23,Саркандаугава,Приежу 3,1,38.0,200,30,2,3,0,М. сем.,Панельный,"Балкон, Лоджия, Парковочное место",56.9942886,24.126521,0
24,Тейка,Бривибас гатве 219,4,99.0,600,30,3,4,0,Дов. дом,Каменный,Парковочное место,56.9754717,24.1732492,0
25,Плявниеки,Руденс 9,1,35.0,270,30,1,9,1,602-я,Панельно-кирпичный,"Балкон, Парковочное место",56.9386493327208,24.201478358018747,0
26,Агенскалнс,Мартиня 8,2,65.0,550,30,4,4,0,Дов. дом,Деревянный,,56.947956,24.070925,0
27,центр,Элку 5,2,54.0,400,30,1,3,0,Ч. дом,Каменный,,56.9672468,24.1446705,0
28,Югла,Видземес 3,1,36.0,270,30,9,12,0,Чеш. пр.,Кирпично-панельный,,56.98102,24.2181421,0
29,Кенгарагс,Глудас 10,3,58.0,350,30,4,5,0,Хрущ.,Панельный,Балкон,56.912893,24.1751394,0
30,Золитуде,Ирлавас 34,1,41.0,350,30,2,2,0,Нов.,Кирпичный,Парковочное место,56.94077864959923,24.030077313659664,0
31,Пурвциемс,Дудаева Г. 3,1,30.0,200,30,3,5,0,Лит. пр.,Панельный,,56.9579094,24.1933893,0
32,р-он ул. Маскавас,Даугавпилс 47,1,43.0,210,30,2,4,0,Дов. дом,Кирпичный,,56.9452985,24.1408407,0
33,Плявниеки,Лубанас 61,1,20.0,190,30,2,2,0,Ч. дом,Кирпичный,,56.9317644,24.1842483,0
34,Иманта,Даммес 6,2,50.0,30,1,4,9,1,602-я,Панельный,"Лоджия, Парковочное место",56.9617211,24.0145205,0
35,Плявниеки,Деглава 152,3,62.0,360,30,2,9,0,602-я,Панельный,,56.944754,24.2144274,0
36,Пурвциемс,Мадонас 21,2,62.0,500,30,6,16,1,Спец. пр.,Каменный,"Лоджия, Парковочное место",56.9610482,24.1709057,0
37,центр,Маскавас 11,1,22.0,190,30,2,2,0,Дов. дом,Деревянный,,56.940799,24.121573,0
38,центр,Авоту 1,1,20.0,340,30,3,5,0,Рекон.,Каменный,,56.95114677791752,24.127056674791685,0
39,Дарзциемс,Зелтиню 25,2,50.0,270,30,2,5,0,103-я,Кирпично-панельный,,56.9471755,24.1711529,0
40,Саркандаугава,Какясекля Д. 20,1,24.0,200,30,1,3,0,Дов. дом,Кирпичный,Парковочное место,56.979256,24.0994678,0
41,Тейка,Раунас 36,3,54.0,500,30,5,5,0,Рекон.,Кирпичный,"Балкон, Парковочное место",56.9688413,24.1793392,0
42,Межциемс,Лидума 8,2,50.0,330,30,1,5,0,Лит. пр.,Панельный,"Лоджия, Парковочное место",56.9732017,24.2328945,0
43,центр,Пулкв. Бриежа 13,3,91.0,800,30,3,6,1,Рекон.,Каменный,,56.9605456,24.1053737,0
44,центр,Бривибас 91,3,58.0,760,30,3,6,1,Рекон.,Каменный,Парковочное место,56.9607126,24.1314702,0
45,центр,Красотаю 29,2,40.0,260,30,2,2,0,Дов. дом,Деревянный,,56.9566676,24.1472167,0
46,Ильгюциемс,Реньгес 2b,1,15.0,140,30,1,5,0,Лит. пр.,Панельный,Лоджия,56.9660461,24.0620545,0
47,Чиекуркалнс,Чиекуркална 4 п. л. 12,1,39.0,235,30,6,9,1,Спец. пр.,Кирпичный,"Лоджия, Парковочное место",56.98561,24.17073,0
48,Пурвциемс,Стайцелес 1/1,2,51.0,250,30,9,9,0,602-я,Панельный,"Лоджия, Парковочное место",56.9583558,24.1689366,0
49,р-он ул. Маскавас,Лудзас 52,2,55.0,350,30,2,5,0,Дов. дом,Каменный,,56.940512,24.1479933,0
50,центр,Садовникова 11,2,46.0,450,30,5,5,0,Дов. дом,Кирпичный,,56.9425015,24.1298291,0
51,Вецрига,13 января 21,2,55.0,850,30,2,6,1,Нов.,Панельно-кирпичный,,56.9453306,24.1116759,1
52,Болдерая,Гобас 34,2,52.0,300,30,5,5,0,103-я,Кирпично-панельный,Балкон,57.0282637,24.0555598,0
53,Плявниеки,Сахарова 17,1,47.0,250,30,2,2,1,104-я,Панельный,"Лоджия, Парковочное место",56.9371326,24.201922,0
54,Гризинькалнс,Таллинас 79,4,90.0,750,30,2,5,0,Дов. дом,Кирпичный,Парковочное место,56.9569869,24.1479414,0
55,Плявниеки,Илукстес 26,1,38.0,300,30,4,5,0,М. сем.,Кирпично-панельный,Лоджия,56.9429737,24.1962903,0
56,Зиепниеккалнс,Зиепниеккална 12,2,56.0,450,30,1,4,1,Нов.,Кирпично-панельный,"Балкон, Парковочное место",56.9111073,24.1256544,0
57,центр,Валдемара 15,1,42.0,360,30,4,5,0,Рекон.,Кирпичный,Парковочное место,56.95595060149878,24.11185575696737,0
58,центр,Валдемара 41a,2,43.0,800,30,2,7,1,Нов.,Каменный,,56.95892262170677,24.11695860243934,0
59,Пурвциемс,Унияс 35а,1,23.0,200,30,1,2,0,Спец. пр.,Каменный,,56.9682042,24.1699003,0
60,центр,Маскавас 48a,2,45.0,40,1,2,5,0,Рекон.,Каменный,,56.939543,24.1240664,1
61,Югла,Мурьяню 66,2,34.0,300,30,3,4,0,Рекон.,Кирпичный,Парковочное место,56.9782923,24.2641599,0
62,Пурвциемс,Ницгалес 46,3,62.0,295,30,6,9,0,602-я,Панельный,"Лоджия, Парковочное место",56.9459198,24.1712466,0
63,Агенскалнс,Валгума 6,1,30.0,200,30,1,3,0,Дов. дом,Кирпичный,Парковочное место,56.9415984,24.0938019,0
64,Плявниеки,Ясмуйжас 6,2,50.0,300,30,5,9,1,602-я,Панельный,Балкон,56.9369499,24.2092176,0
65,Плявниеки,Илукстес 8,2,50.0,350,30,6,9,1,602-я,Панельный,Лоджия,56.9354442,24.1959312,0
66,Торнякалнс,Оливу 5,1,22.0,295,30,2,3,0,Рекон.,Деревянный,,56.9246593,24.0870155,0
67,центр,Авоту 23a,2,52.0,50,1,2,2,0,Дов. дом,Кирпичный,,56.950631694174604,24.131823228992666,1
68,центр,Чака 113,2,43.0,550,30,5,5,0,Рекон.,Каменный,,56.9588554,24.1407622,0
69,центр,Стабу 68,1,36.0,180,7,1,2,0,Дов. дом,Деревянный,,56.9523517,24.1363196,0
70,Торнякалнс,Оливу 5,3,78.0,400,30,3,3,0,Рекон.,Деревянный,,56.9246593,24.0870155,0
71,центр,Миера 39,3,87.0,870,30,2,5,0,Дов. дом,Каменный,,56.9647246,24.1324175,0
72,Агенскалнс,Вентспилс 63c,1,22.0,340,30,3,3,0,Нов.,Панельный,,56.9343495,24.0449839,1
73,центр,Элизабетес 2a,3,66.0,520,30,5,5,0,Рекон.,Каменный,,56.9581372,24.1080974,0
74,Межапарк,Стендера 17a,2,42.0,450,30,2,2,0,Сталинка,Каменный,,56.99485642027146,24.1551014133845,0
75,Агенскалнс,Вентспилс 63c,1,16.0,335,1,1,3,0,Нов.,Кирпично-панельный,,56.9343495,24.0449839,1
76,Зиепниеккалнс,Саулкалнес 7,2,45.0,315,30,2,5,0,Лит. пр.,Кирпично-панельный,,56.9147939,24.0986737,0
77,Саркандаугава,Слиежу 29/1,1,30.0,220,30,1,3,0,Спец. пр.,Кирпичный,,57.0075998,24.1244534,0
78,центр,Чака 44,1,45.0,260,7,1,5,0,Дов. дом,Кирпичный,,56.9535801,24.1318057,0
79,Плявниеки,Улброкас 12,2,60.0,500,30,4,7,1,Нов.,Каменный,"Балкон, Парковочное место",56.9410324,24.2173516,0
80,центр,Чака 44,1,30.0,30,1,1,5,0,Дов. дом,Кирпичный,,56.9535801,24.1318057,0
81,Кенгарагс,Прушу 17a,1,18.0,250,30,3,4,0,М. сем.,Кирпично-панельный,,56.9133296,24.1906592,0
82,центр,Рупниецибас 25,3,82.0,1300,30,3,6,1,Нов.,Панельно-кирпичный,"Балкон, Лоджия, Парковочное место",56.9659201,24.1040141,0
83,Золитуде,Русес 3,4,90.0,530,30,6,9,0,119-я,Панельный,Лоджия,56.9486091,24.0016235,0
84,р-н ул.Краста,Салацас 16,1,50.0,39,1,10,16,1,104-я,Панельный,,56.9282413,24.1700327,0
85,Агенскалнс,Вентспилс 13b,1,29.0,270,30,2,2,0,Ч. дом,Деревянный,,56.9338781,24.0707257,0
86,Пурвциемс,Иерикю 36,2,48.0,330,30,3,5,0,Спец. пр.,Кирпичный,"Балкон, Парковочное место",56.9652594,24.1733959,0
87,Тейка,Бикерниеку 15a,2,53.0,300,30,3,4,0,Дов. дом,Каменный,Парковочное место,56.9713337,24.1699263,0
88,центр,Лачплеша 17,2,76.0,490,30,5,6,0,Дов. дом,Каменный,,56.956128,24.1222414,0
89,центр,Гоголя 10,3,110.0,500,30,3,5,0,Дов. дом,Кирпичный,,56.9428008,24.1245455,0
90,Зиепниеккалнс,Картупелю 14,1,35.0,15,1,1,3,0,Ч. дом,Кирпичный,Балкон,56.9138513,24.1010058,1
91,Пурвциемс,Дзелзавас 108,2,47.0,550,30,7,7,0,Нов.,Каменный,Балкон,56.9524773,24.2128825,0
92,центр,Антонияс 16a,4,118.0,2150,30,7,7,1,Нов.,Кирпично-панельный,Балкон,56.9596316,24.1133828,0
93,центр,Алаукста 12,1,25.0,350,30,2,5,0,Дов. дом,Каменный,,56.96034415525476,24.149974422325958,0
94,центр,Грециниеку 20,2,87.0,600,30,4,6,0,Рекон.,Каменный,,56.946743,24.108114,0
95,Кенгарагс,Локомотивес 80,2,45.0,200,30,3,5,0,Хрущ.,Панельный,"Балкон, Парковочное место",56.9027195,24.2123543,0
96,центр,Артилерияс 35,3,60.0,600,30,4,5,0,Рекон.,Каменный,Парковочное место,56.95752329566861,24.142847514188674,0
97,Агенскалнс,Лиепаяс 34,4,73.0,700,30,4,4,1,Рекон.,Каменный,Парковочное место,56.9313947,24.0706404,0
98,центр,Стабу 35,2,56.0,250,30,1,4,0,Дов. дом,Кирпичный,,56.9559895,24.1295186,0
99,центр,Матиса 85a,1,20.0,270,30,2,2,0,Спец. пр.,Деревянный,,56.9526634,24.1430193,0
100,центр,Гертрудес 39,3,108.0,680,30,6,6,1,Рекон.,Каменный,Балкон,56.9540868,24.1292172,0
101,центр,Барона 45/47,2,65.0,550,30,3,3,0,Дов. дом,Деревянный,,56.955543022717634,24.129616851052475,0
102,р-н ул.Краста,Лубанас 8,4,70.0,420,30,5,9,0,467-я,Панельно-кирпичный,Балкон,56.9334897,24.1617748,0
103,центр,Стабу 31,4,110.0,880,30,3,6,0,Дов. дом,Кирпичный,Балкон,56.95620839304584,24.12880405833299,0
104,центр,Матиса 137,2,43.0,210,30,1,4,0,Ч. дом,Кирпичный,Парковочное место,56.9485462,24.1519238,0
105,центр,Гертрудес 121,2,31.0,390,30,3,6,0,Нов.,Каменный,Парковочное место,56.94856640348353,24.140508454147618,0
106,Агенскалнс,Лиепаяс 34,4,73.0,700,30,4,4,1,Рекон.,Каменный,Парковочное место,56.9313947,24.0706404,0
107,Пурвциемс,Стирну 48,1,50.0,200,30,1,5,0,М. сем.,Панельный,,56.9642554,24.1954081,0
108,Вецмилгравис,Эммас 5,3,70.0,250,30,4,5,0,Лит. пр.,Панельный,"Лоджия, Парковочное место",57.028692,24.1082846,0
109,Агенскалнс,Лиепаяс 34,4,73.0,700,30,4,4,0,Рекон.,Каменный,Парковочное место,56.9313947,24.0706404,0
110,центр,Блауманя 11/13,0,223.0,780,30,4,5,1,Дов. дом,Кирпичный,,56.953724,24.1240772,0
111,центр,Стрелниеку 2a,5,178.0,1500,30,2,6,1,Дов. дом,Каменный,,56.9588216,24.1069679,0
112,центр,Лиенес 15,2,40.0,200,30,2,2,0,Ч. дом,Деревянный,,56.9529104,24.1479755,0
113,центр,Авоту 61,1,25.0,115,30,1,2,0,Ч. дом,Деревянный,Парковочное место,56.9529481,24.1430547,0
114,Чиекуркалнс,Чиекуркална 4 п. л. 9,1,33.0,300,30,1,5,0,Нов.,Кирпично-панельный,Парковочное место,56.98561,24.17073,0
115,р-он ул. Маскавас,Даугавпилс 53,1,25.0,120,30,3,4,0,Ч. дом,Кирпично-панельный,,56.946009,24.1407968,0
116,центр,Деглава 18,1,26.0,100,30,2,4,0,Ч. дом,Кирпичный,,56.9535125,24.1511996,0
117,центр,Деглава 18,2,32.0,140,30,3,4,0,Ч. дом,Кирпичный,,56.9535125,24.1511996,0
118,центр,Мурниеку 10,1,26.0,150,30,2,2,0,Ч. дом,Кирпичный,,56.9526038,24.1462759,0
119,Кенгарагс,Е. Ранцана 10,3,59.2,400,30,3,5,0,Хрущ.,Панельный,Балкон,56.9059548,24.1824132,0
120,р-н ул.Краста,Маскавас 222,2,50.0,200,30,6,9,1,467-я,Панельный,Лоджия,56.9245426,24.1683246,0
121,Межциемс,Кайвас 50,2,40.0,380,30,3,5,0,Нов.,Панельно-кирпичный,,56.9558931,24.2451677,0
122,центр,Гертрудес 121,2,54.0,550,30,4,6,1,Рекон.,Каменный,Парковочное место,56.94847609573701,24.140510449572602,0
123,центр,Марияс 25,3,106.0,600,30,5,5,0,Дов. дом,Каменный,,56.9511653,24.1263515,0
124,Болдерая,Силикату 4,2,64.0,180,30,3,3,0,Сталинка,Кирпичный,"Балкон, Лоджия, Парковочное место",57.0282959,24.0431165,0
125,центр,Элизабетес 89,2,42.0,640,30,4,4,1,Рекон.,Каменный,Парковочное место,56.9490632,24.1229092,0
126,центр,Упес 12,1,34.0,190,30,1,4,0,Дов. дом,Кирпичный,,56.9762123,24.1434816,0
127,Плявниеки,Илукстес 26,1,32.0,230,30,4,5,0,М. сем.,Панельный,Балкон,56.9429737,24.1962903,0
128,центр,Веру 5,2,56.0,480,30,2,4,0,Дов. дом,Каменный,,56.9622041,24.1009729,0
129,Межапарк,Эзермалас 13,4,128.0,980,30,2,5,1,Нов.,Панельно-кирпичный,"Сауна, Парковочное место",56.9973435,24.1704265,0
130,Ильгюциемс,Дзирциема 31,1,35.2,200,30,3,12,1,Хрущ.,Кирпично-панельный,Парковочное место,56.9556291,24.052203,0
131,центр,Марияс 14,1,20.0,450,30,3,5,0,Рекон.,Каменный,,56.9503759,24.1251324,1
132,Агенскалнс,Нометню 47,2,55.0,375,30,6,6,0,Дов. дом,Каменный,,56.9390081,24.0729039,0
133,Тейка,Бривибас гатве 278,2,58.0,400,30,4,5,0,Дов. дом,Каменный,,56.9767481,24.1791169,0
134,центр,Звайгжню 24,1,25.0,30,1,5,6,0,Дов. дом,Каменный,,56.9608685,24.1498563,1
135,центр,Звайгжню 24,2,35.0,35,1,4,6,0,Дов. дом,Каменный,,56.9608685,24.1498563,1
136,Пурвциемс,Бранткална 14,2,60.0,250,30,8,9,1,119-я,Панельно-кирпичный,"Балкон, Лоджия",56.9488669,24.1951797,0
137,Плявниеки,Руденс 2,1,33.0,300,30,5,9,0,602-я,Панельный,"Лоджия, Парковочное место",56.93742436023976,24.196143150329593,0
138,Чиекуркалнс,Чиекуркална 3 п. л. 26,2,39.0,249,30,2,2,0,Рекон.,Деревянный,Парковочное место,56.98557,24.1680999,0
139,центр,Тербатас 63,2,82.0,500,30,5,6,1,Дов. дом,Каменный,,56.9615691,24.1342367,0
140,центр,Садовникова 39,2,63.0,440,30,4,7,1,Нов.,Кирпично-панельный,"Лоджия, Парковочное место",56.941256,24.1352332,1
141,Иманта,Зентенес 24,2,46.0,250,30,5,5,0,Лит. пр.,Панельный,Лоджия,56.9605849,24.0022124,0
142,Ильгюциемс,Гара 33,2,50.0,280,30,4,5,0,Лит. пр.,Панельный,Балкон,56.9689304,24.0519018,0
143,центр,Гертрудес 64,2,39.0,280,30,2,5,0,Дов. дом,Каменный,,56.9510387,24.1338247,0
144,Пурвциемс,Андромедас Г. 12,1,28.0,240,30,2,5,0,Лит. пр.,Панельно-кирпичный,,56.95803,24.200387,0
145,Пурвциемс,Иерикю 66,1,34.0,250,30,1,9,1,Спец. пр.,Кирпично-панельный,,56.96478976703275,24.18948563639589,0
146,Межапарк,Яуна Межапарка 34,3,92.0,1700,30,2,3,0,Нов.,Панельно-кирпичный,"Балкон, Парковочное место",56.9938612394694,24.157112242326814,0
147,Саркандаугава,Виестура пр. 69,3,55.0,350,30,5,4,0,Хрущ.,Кирпичный,Балкон,57.0057977,24.1281502,0
148,Иманта,Анниньмуйжас бульвар 41,2,65.0,750,30,13,24,1,Нов.,Каменный,,56.959055,24.0138606,0
149,Ильгюциемс,Даугавгривас 132/1,1,22.0,160,30,3,4,0,Сталинка,Кирпичный,,56.9692383,24.0721569,0
150,центр,Гертрудес 46,2,90.0,180,30,3,6,0,Дов. дом,Каменный,,56.953186,24.129733,0
151,центр,Пулкв. Бриежа 7,2,58.0,590,30,4,5,1,Дов. дом,Каменный,,56.959822,24.105386,0
152,Саркандаугава,Патверсмес 26,2,39.0,225,30,3,5,0,Хрущ.,Кирпичный,,56.9889493,24.1357176,0
153,Торнякалнс,Виенибас Г. 82,1,19.0,315,30,4,4,0,Рекон.,Кирпичный,Парковочное место,56.918842603622565,24.08880144513427,0
154,центр,Чака 72,2,40.0,540,30,3,4,1,Рекон.,Каменный,,56.9558906,24.1361685,0
155,Кенгарагс,Маскавас 297,1,34.0,220,30,11,12,1,Чеш. пр.,Кирпичный,,56.9192483,24.1745923,0
156,р-н ул.Краста,Салацас 26,1,21.3,320,30,1,2,0,Рекон.,Деревянный,,56.9269842,24.1710809,0
157,Тейка,Пудикя 13,2,44.0,430,30,2,2,0,Дов. дом,Каменный,,56.9766517,24.1814115,0
158,центр,Катринас Д. 21,1,35.0,300,30,3,5,0,Хрущ.,Панельно-кирпичный,,56.9712688,24.1017021,0
159,Межциемс,Кайвас 50,2,40.0,450,30,1,5,1,Нов.,Панельный,,56.9558931,24.2451677,0
160,центр,Стрелниеку 7,3,86.0,1550,30,5,6,1,Нов.,Панельный,,56.95983525187032,24.107673168182377,0
161,Тейка,Бривибас гатве 314,3,76.0,550,30,4,4,0,Дов. дом,Кирпичный,Парковочное место,56.9791045,24.1868619,0
162,центр,Антонияс 16a,3,94.0,1600,30,5,7,1,Нов.,Панельный,Балкон,56.9596316,24.1133828,0
163,центр,Антонияс 17a,3,90.0,1750,30,5,6,1,Нов.,Панельный,Терраса,56.9599881,24.111923,0
164,Шампетерис-Плескодале,Засулаука 28,3,41.0,450,30,2,2,0,Нов.,Каменный,Парковочное место,56.9445608,24.0386523,0
165,Пурвциемс,Мадонас 21,2,63.0,250,30,5,16,0,Спец. пр.,Панельный,"Лоджия, Парковочное место",56.9610482,24.1709057,0
166,центр,Чака 117/1,2,44.0,410,30,2,6,1,Рекон.,Каменный,,56.9591716,24.1410583,0
167,Плявниеки,Улброкас 22,2,49.0,380,30,9,9,0,602-я,Панельный,,56.9440774,24.2177225,0
168,центр,Миера 93,1,34.0,490,30,5,7,0,Нов.,Панельно-кирпичный,,56.9733104,24.1415619,0
169,Плявниеки,Ясмуйжас 13,1,34.0,340,30,5,9,1,467-я,Панельный,Парковочное место,56.9366755,24.2128226,0
170,центр,Таллинас 35 c,2,50.0,450,30,3,5,0,Дов. дом,Каменный,,56.962917,24.1388603,0
171,центр,Томсона 30,2,81.0,750,30,9,9,1,Нов.,Панельно-кирпичный,,56.9662268,24.128132,0
172,Кенгарагс,Маскавас 313,1,34.0,320,30,1,12,0,Чеш. пр.,Кирпичный,"Лоджия, Парковочное место",56.9093668,24.1827559,0
173,Пурвциемс,Пурвциема 15,1,13.0,180,30,1,9,0,103-я,Панельный,,56.9535763,24.1683412,0
174,Золитуде,Лиедес 28,2,45.0,500,30,2,4,1,Нов.,Панельно-кирпичный,"Терраса, Парковочное место",56.942819,24.0203865,0
175,р-он ул. Маскавас,Католю 29,2,42.0,470,30,3,6,1,Рекон.,Каменный,,56.943149,24.1362659,0
176,Пурвциемс,Браслас 27,2,42.0,350,30,3,6,1,Нов.,Кирпично-панельный,Парковочное место,56.96267,24.1665231,0
177,Иманта,Курземес пр. 88,2,60.0,350,30,8,9,1,602-я,Панельный,Балкон,56.9682167,24.0160007,0
178,центр,Базницас 34,2,40.0,440,30,2,5,1,Дов. дом,Каменный,,56.95945536100349,24.124530056114367,0
179,Пурвциемс,Кегума 45,2,42.0,420,30,2,5,0,М. сем.,Панельный,Лоджия,56.963417989715964,24.196904897689823,0
180,Мангали,Морес 3,2,47.0,200,30,3,5,0,Хрущ.,Панельный,"Балкон, Парковочное место",57.018818,24.135045,0
181,центр,Гертрудес 31,2,60.0,900,30,6,6,1,Сталинка,Кирпичный,,56.9555034,24.1264097,0
182,Дарзциемс,Румбулас 7,1,33.0,280,30,5,5,0,Спец. пр.,Кирпично-панельный,,56.94419150219338,24.17201495127358,0
183,Вецрига,Кунгу 25,1,25.0,400,30,3,6,1,Нов.,Панельно-кирпичный,,56.9457137,24.1094609,0
184,Вецмилгравис,Мелидас 6,3,68.0,280,30,1,5,0,Лит. пр.,Панельно-кирпичный,Лоджия,57.030047,24.107415,0
185,центр,Стабу 90,2,52.0,250,30,1,5,0,Дов. дом,Каменный,,56.9502607,24.1406306,0
186,Пурвциемс,Ницгалес 46 а,1,24.0,30,1,1,5,0,103-я,Кирпично-панельный,,56.9459198,24.1712466,0
187,Кенгарагс,Малнавас 18,1,27.0,250,30,2,5,0,Хрущ.,Кирпичный,Парковочное место,56.9103969,24.1907584,0
188,центр,Чака 99,3,75.0,650,30,2,4,0,Дов. дом,Кирпичный,,56.9576599,24.138482,0
189,Пурвциемс,Дзелзавас 37,2,49.0,280,30,7,9,1,602-я,Панельный,,56.9592177,24.1821118,0
190,Иманта,Даммес 25,2,49.0,280,30,3,9,1,602-я,Панельный,Парковочное место,56.9643089,24.0085353,0
191,Вецрига,Вальню 31/33,2,55.0,320,30,2,4,0,Дов. дом,Кирпичный,,56.9472519,24.1134074,0
192,Югла,Юглас 5,2,45.0,200,30,2,5,0,Хрущ.,Панельный,Парковочное место,56.9877662,24.2438407,0
193,Агенскалнс,Вентспилс 7,1,35.0,230,30,5,5,0,Дов. дом,Каменный,,56.9337423,24.0732215,0
194,Агенскалнс,Марупес 10,2,50.0,550,30,1,5,0,Сталинка,Кирпичный,Парковочное место,56.9326261,24.0720303,0
195,центр,Бривибас 103,2,60.0,60,1,6,6,1,Дов. дом,Каменный,Парковочное место,56.9614438,24.1332825,0
196,центр,Маскавас 18,2,38.0,500,30,4,5,0,Дов. дом,Каменный,,56.941523,24.1192889,0
197,Тейка,Берзпилс 75,3,39.0,145,30,2,2,0,Спец. пр.,Каменный,Парковочное место,56.98437727438065,24.19843167829752,0
198,р-н ул.Краста,Криденера Д. 4,2,43.0,600,30,3,9,1,Нов.,Панельно-кирпичный,"Балкон, Парковочное место",56.9294632,24.1615642,0
199,Вецмилгравис,Скую 29,1,26.0,260,30,3,4,0,Сталинка,Каменный,Парковочное место,57.0351354,24.1083455,0
200,Тейка,Бривибас гатве 314,2,64.0,420,30,3,4,0,Дов. дом,Кирпичный,,56.9791045,24.1868619,0
201,Иманта,Курземес пр. 164,3,62.0,210,30,4,9,1,602-я,Панельный,Лоджия,56.95401915852425,23.998895385971306,0
202,р-он ул. Маскавас,Резнас 5,1,23.0,260,30,1,5,0,Сталинка,Каменный,,56.9358541,24.1613581,0
203,Агенскалнс,Тапешу 24,2,48.0,500,30,3,5,0,Хрущ.,Кирпичный,,56.9487741,24.047711,0
204,центр,Бруниниеку 49,2,38.0,600,30,2,4,1,Рекон.,Каменный,,56.9554655,24.133448,0
205,центр,Бруниниеку 49,2,47.0,750,30,4,4,0,Рекон.,Каменный,,56.9554655,24.133448,0
206,Плявниеки,Илукстес 38,2,52.0,280,30,2,9,1,119-я,Панельный,"Лоджия, Парковочное место",56.9458975,24.198238,0
207,Кипсала,Кипсалас 49,3,90.0,1400,30,3,3,0,Нов.,Кирпичный,"Терраса, Парковочное место",56.9546761,24.0825485,0
208,центр,Стабу 55,1,27.0,290,30,1,6,0,Дов. дом,Каменный,,56.9537233,24.1342448,0
209,Пурвциемс,Дзелзавас 35,1,36.0,250,30,4,9,1,602-я,Панельный,Парковочное место,56.9593174,24.1812968,0
210,Иманта,Слокас 111h,2,62.0,390,30,3,4,0,Спец. пр.,Панельный,Терраса,56.9612751,24.0395604,0
211,Межциемс,Хипократа 11,1,46.0,250,30,3,16,0,104-я,Панельный,"Лоджия, Парковочное место",56.9672311,24.237626,0
212,Дарзциемс,Трасуна 10,1,34.0,190,30,4,5,0,103-я,Кирпичный,,56.9676941,24.1056221,0
213,Гризинькалнс,Звайгжню 16,3,57.5,400,30,2,2,0,Дов. дом,Деревянный,Парковочное место,56.9597886,24.1488789,0
214,центр,Ганибу Д. 11a,2,41.0,545,30,1,6,1,Нов.,Каменный,Балкон,56.9728802,24.1089359,0
215,Вецрига,Алдару 9/1,2,65.0,45,1,3,5,0,Дов. дом,Каменный,,56.9511032,24.1062183,1
216,Болдерая,Финиера 11,2,52.0,200,30,3,5,0,103-я,Кирпично-панельный,Лоджия,57.0271553,24.0538046,0
217,Пурвциемс,Илукстес 107 k-3,1,32.0,280,30,5,9,1,467-я,Панельный,Парковочное место,56.9541371,24.1952406,0
218,Пурвциемс,Дзелзавас 53,1,33.0,220,30,3,9,1,467-я,Панельный,,56.9571562,24.1909973,0
219,Агенскалнс,Ауцес 3,2,50.0,500,30,3,3,0,Дов. дом,Каменный,,56.9428782,24.0818218,0
220,Вецмилгравис,Эммас 19,1,28.0,220,30,1,5,0,Лит. пр.,Кирпично-панельный,Парковочное место,57.0300479,24.1110248,0
221,Кенгарагс,Икшкилес 3,2,38.0,250,30,1,5,0,Хрущ.,Кирпичный,,56.9021175,24.2055421,0
222,Ильгюциемс,Мотору 3,1,25.0,340,30,1,5,0,Спец. пр.,Кирпичный,,56.96949410888418,24.068222968668806,0
223,центр,Базницас 13,1,18.0,235,30,1,5,0,Дов. дом,Каменный,,56.9565811,24.1184835,0
224,Саркандаугава,Хапсалас 5,1,18.0,120,30,5,5,0,М. сем.,Кирпичный,Парковочное место,57.0011886756618,24.1211689226417,0
225,центр,Госпиталю 23,3,85.0,700,30,4,7,0,Нов.,Кирпично-панельный,,56.9715236,24.1363519,0
226,Плявниеки,Каудзишу 3,1,40.0,250,30,9,9,1,М. сем.,Панельный,Лоджия,56.941092,24.1977523,0
227,Пурвциемс,Виршу 8,3,71.0,520,30,7,12,1,104-я,Панельный,"Лоджия, Парковочное место",56.9520082,24.1814555,0
228,центр,Лачплеша 51,4,110.0,1150,30,4,6,1,Дов. дом,Каменный,Балкон,56.9523461,24.1296092,1
229,Золитуде,Золитудес 46,3,100.0,600,30,2,4,0,Нов.,Каменный,,56.942406994272204,24.006659176376914,0
230,Кенгарагс,Маскавас 268/6,1,31.0,270,30,1,5,0,Хрущ.,Кирпично-панельный,Парковочное место,56.9054554,24.1849419,0
231,центр,Бривибас 156,1,25.0,400,30,2,5,0,М. сем.,Кирпичный,,56.9652394,24.1426673,0
232,Саркандаугава,Твайка 16,1,30.0,250,30,5,5,0,Хрущ.,Кирпичный,,56.99948061574625,24.118219614028934,0
233,центр,Чака 80,1,22.0,300,30,1,2,0,Рекон.,Кирпичный,,56.95615271581446,24.137917757034305,0
234,р-н ул.Краста,Салацас 32,1,32.0,220,30,6,9,1,467-я,Панельный,,56.9261127,24.1723643,0
235,Пурвциемс,Илукстес 54/2,1,36.0,220,30,4,5,0,М. сем.,Панельный,Лоджия,56.9503161,24.19972,0
236,Кипсала,Кипсалас 4,2,52.0,700,30,3,4,0,Нов.,Каменный,"Балкон, Парковочное место",56.9518659,24.0839351,0
237,Зиепниеккалнс,Виенибас Г. 192,2,57.0,340,30,1,6,0,Нов.,Каменный,,56.8999516,24.080068,0
238,центр,Катринас Д. 24,1,48.0,220,30,1,1,0,Ч. дом,Деревянный,,56.9734403,24.1038903,0
239,Межапарк,Кемпес 3,2,46.0,315,30,4,12,1,Спец. пр.,Кирпичный,Лоджия,56.9676941,24.1056221,0
240,Югла,Бривибас гатве 357,2,41.8,360,30,2,5,0,Хрущ.,Кирпичный,Балкон,56.9869274,24.2173433,0
241,Кенгарагс,Маскавас 260/2,2,44.0,300,30,2,5,0,Лит. пр.,Панельный,Балкон,56.9090883,24.1805735,0
242,Плявниеки,Ясмуйжас 3,2,50.0,420,30,2,7,1,602-я,Панельный,,56.9376953,24.2093368,0
243,центр,Вагону 22,1,28.0,370,30,2,5,0,Рекон.,Каменный,,56.9488427,24.1503632,0
244,Кенгарагс,Кенгарага 7,3,59.0,450,30,3,5,0,Лит. пр.,Панельный,Балкон,56.9153863,24.1694864,0
245,Агенскалнс,Агенскална 22,1,30.0,300,30,2,5,0,Хрущ.,Кирпичный,,56.945081,24.0608192,0
246,Саркандаугава,Виестура пр. 61,1,35.0,220,30,3,9,0,Спец. пр.,Кирпичный,,57.005122,24.1268437,0
247,центр,Курбада 1a,2,56.0,500,30,2,4,0,Дов. дом,Каменный,Парковочное место,56.9480729,24.1375824,0
248,центр,Чака 114,1,16.0,220,30,2,5,0,Дов. дом,Каменный,,56.9595686,24.1435601,0
249,центр,Стабу 18b,2,55.0,900,30,3,7,1,Нов.,Панельно-кирпичный,Балкон,56.9574366,24.1255729,0
250,Пурвциемс,Вайдавас 2/3,1,30.0,235,30,4,5,0,Хрущ.,Панельный,,56.963077,24.170649,0
251,центр,Матиса 18,2,35.0,350,30,4,5,0,Дов. дом,Кирпичный,,56.9574978,24.1318607,0
252,Межциемс,Эйзенштейна 55,1,32.0,270,30,4,9,1,602-я,Панельно-кирпичный,Лоджия,56.9638014,24.2346186,0
253,центр,Стабу 18b,2,55.0,900,30,3,7,1,Спец. пр.,Панельный,Балкон,56.9574366,24.1255729,0
254,р-он ул. Маскавас,Маскавас 146,2,30.0,320,30,2,4,1,Рекон.,Кирпично-панельный,,56.9377205,24.1476435,0
255,р-он ул. Маскавас,Маскавас 146,1,23.0,270,30,2,4,0,Нов.,Панельно-кирпичный,,56.9377205,24.1476435,0
256,Вецрига,Вецпилсетас 12,1,19.0,450,30,2,5,0,Рекон.,Каменный,Парковочное место,56.9461945,24.1126442,0
257,Пурвциемс,Вайдавас 3,2,37.0,370,30,1,5,0,Лит. пр.,Панельный,Парковочное место,56.9633249,24.1768646,0
258,Пурвциемс,Иерикю 60,2,53.0,315,30,4,9,1,Спец. пр.,Кирпичный,Балкон,56.9651732,24.1861551,0
259,центр,Бривибас 19,3,190.0,2750,30,3,6,1,Нов.,Каменный,Балкон,56.9522706,24.1140666,0
260,центр,Чака 41,1,38.0,30,1,2,2,0,Дов. дом,Деревянный,Парковочное место,56.9530255,24.1299459,1
261,центр,Републикас пл. 3,2,56.0,700,30,4,9,1,Нов.,Панельный,,56.9551153,24.0989652,0
262,Зиепниеккалнс,Валдекю 65,2,60.0,300,30,2,9,1,119-я,Панельно-кирпичный,"Балкон, Лоджия",56.9015557624679,24.110308918272516,0
263,центр,Авоту 11,2,60.0,360,30,3,6,0,Дов. дом,Каменный,,56.9507941,24.1291509,0
264,Зиепниеккалнс,Саулкалнес 3,2,38.0,300,30,1,5,0,Хрущ.,Кирпичный,,56.9154034,24.0977602,0
265,центр,Авоту 11,3,76.0,520,30,4,6,0,Дов. дом,Каменный,,56.9507941,24.1291509,0
266,Вецмилгравис,Зиемельблазмас 42,1,36.0,220,30,5,9,0,602-я,Панельный,Лоджия,57.03806193685916,24.097579573305737,0
267,Ильгюциемс,Стурес 2,1,18.0,125,30,4,5,0,М. сем.,Кирпичный,Парковочное место,56.969275,24.06946,0
268,Кипсала,Оглю 28,2,47.0,800,30,2,3,0,Рекон.,Деревянный,,56.9604045,24.0818608,0
269,Межапарк,Кокнесес пр. 29,2,65.0,850,30,2,2,0,Рекон.,Деревянный,"Балкон, Парковочное место",57.0037118,24.1573933,0
270,Межапарк,Кокнесес пр. 29,3,90.0,1250,30,1,2,0,Рекон.,Деревянный,Терраса,57.0037118,24.1573933,0
271,Пурвциемс,Пурвциема 50,1,40.0,30,1,2,5,0,М. сем.,Панельный,Лоджия,56.95453,24.1855798,1
272,центр,Томсона 39/1,2,68.0,650,30,2,9,1,Нов.,Панельный,Лоджия,56.9691771,24.1296477,0
273,Пурвциемс,Браслас 19,2,40.0,420,30,3,6,1,Нов.,Каменный,,56.9637223,24.1657467,0
274,Тейка,Земгала гатве 77,1,18.0,350,30,2,4,0,Рекон.,Кирпичный,,56.9759019,24.163685,0
275,Ильгюциемс,Дзирциема 49,2,48.0,200,30,1,5,0,Лит. пр.,Панельный,,56.9591584,24.0515451,0
276,Иманта,Имантас 3b,3,68.0,350,30,5,5,0,Лит. пр.,Панельный,Лоджия,56.9538187,24.0263714,0
277,центр,Бруниниеку 49,2,46.4,750,30,4,4,1,Нов.,Кирпично-панельный,,56.9554655,24.133448,0
278,Вецрига,Пелду 24,3,72.0,540,30,2,4,0,Дов. дом,Каменный,,56.9460259,24.108012,0
279,Саркандаугава,Виестура пр. 33,2,50.0,270,30,9,9,0,Спец. пр.,Кирпично-панельный,Лоджия,57.0001949,24.1294266,0
280,центр,Валдемара 39,2,73.0,650,30,3,6,0,Дов. дом,Каменный,,56.9585249,24.1170851,0
281,центр,Бирзниека-Упиша 20,2,65.0,540,30,3,5,0,Дов. дом,Каменный,,56.9492499,24.1290842,0
282,Дарзциемс,Стопиню 8,3,93.0,690,30,4,4,0,Нов.,Кирпично-панельный,"Терраса, Парковочное место",56.949235,24.1685243,0
283,Межапарк,Кемпес 2,2,51.0,650,30,10,12,1,Нов.,Панельный,"Балкон, Парковочное место",56.9942718,24.1689254,0
284,Зиепниеккалнс,Гарозес 17,1,38.0,195,30,5,5,0,М. сем.,Панельный,"Лоджия, Парковочное место",56.9179557,24.1007081,0
285,Плявниеки,Ясмуйжас 24,4,96.0,600,30,4,4,0,Нов.,Панельно-кирпичный,"Лоджия, Парковочное место",56.937259,24.2153316,0
286,Шампетерис-Плескодале,Лиелирбес 13,3,90.0,850,30,21,30,0,Нов.,Панельно-кирпичный,Парковочное место,56.9334921,24.0433471,0
287,Шампетерис-Плескодале,Лиелирбес 13,3,93.0,1000,30,25,30,1,Нов.,Панельно-кирпичный,Парковочное место,56.9334921,24.0433471,0
288,центр,Блауманя 28a,3,101.0,1100,30,4,6,1,Рекон.,Кирпичный,,56.9524759,24.1249539,0
289,Пурвциемс,Лиелвардес 101,1,48.0,250,30,1,12,0,104-я,Кирпично-панельный,Лоджия,56.9606486,24.1994768,0
290,центр,Стабу 30,5,123.0,1350,30,2,5,0,Дов. дом,Каменный,,56.9563932,24.1277751,0
291,Кенгарагс,Аглонас 29,2,45.0,300,30,5,5,0,Хрущ.,Кирпичный,,56.9127356,24.1839897,0
292,Югла,Бривибас гатве 361,2,42.0,400,30,4,6,0,Хрущ.,Кирпичный,Балкон,56.9875004,24.2174713,0
293,Тейка,Ропажу 14,3,62.0,680,30,9,10,1,Нов.,Панельный,Лоджия,56.9759925,24.1693412,0
294,Иманта,Анниньмуйжас бульвар 38,2,67.0,500,30,12,18,1,Нов.,Каменный,"Лоджия, Парковочное место",56.9612295,24.0164898,0
295,центр,Бруниниеку 121,1,20.0,350,30,3,5,0,Рекон.,Каменный,,56.9498399,24.1444706,0
296,Пурвциемс,Вайдавас 2,1,35.0,30,1,4,5,0,Спец. пр.,Кирпично-панельный,,56.9650233,24.176631,0
297,Агенскалнс,Кугю 26,3,82.0,800,30,1,5,1,Рекон.,Кирпично-панельный,,56.9456343,24.0922473,0
298,центр,Весетас 24,2,53.0,900,30,6,9,1,Нов.,Панельно-кирпичный,"Терраса, Парковочное место",56.9696635,24.1286429,0
299,Шампетерис-Плескодале,Лиелирбес 13,3,90.0,850,30,21,30,1,Нов.,Панельный,,56.9334921,24.0433471,0
300,Иманта,Курземес пр. 12,2,49.0,300,30,4,5,0,Лит. пр.,Панельный,,56.9564,24.0337764,0
301,центр,Републикас пл. 3,3,125.0,1000,30,4,7,1,Нов.,Панельный,Парковочное место,56.9551153,24.0989652,0
302,центр,Валдемара 147 k-3,2,55.0,350,30,2,5,0,Сталинка,Кирпичный,"Балкон, Парковочное место",56.97293269527641,24.133895019081514,0
303,Агенскалнс,Алисес 8,2,46.0,400,30,3,5,0,Хрущ.,Панельный,,56.9468918,24.0667192,0
304,Вецмилгравис,Скую 5,2,51.0,300,30,4,5,0,Лит. пр.,Панельный,Лоджия,57.0304116,24.1025402,0
305,центр,Дзирнаву 70,2,49.0,650,30,2,5,0,Дов. дом,Каменный,,56.9525895,24.1219096,0
306,р-н ул.Краста,Лубанас 14,3,61.0,320,30,6,9,0,467-я,Панельный,,56.9332083,24.1626285,0
307,Кенгарагс,Прушу 23,2,50.0,370,30,1,3,0,Сталинка,Каменный,,56.910578,24.194168,0
308,центр,Стабу 81,4,110.0,750,30,1,5,0,Дов. дом,Каменный,,56.95235163320452,24.13752430420914,0
309,Межциемс,Хипократа 17,3,61.0,300,30,9,9,1,602-я,Панельный,Лоджия,56.9660004,24.2372381,0
310,центр,Чака 66a,3,74.0,450,30,5,6,0,Дов. дом,Кирпично-панельный,,56.960342,24.1397706,0
311,Пурвциемс,Илукстес 34,1,40.0,300,30,3,9,1,119-я,Панельно-кирпичный,Лоджия,56.9457118,24.1963466,0
312,Зиепниеккалнс,Озолциема 12/2,2,58.0,320,30,3,10,1,119-я,Панельный,"Балкон, Парковочное место",56.9013502,24.0854595,0
313,Торнякалнс,Мукусалас 29,2,61.0,720,30,4,4,1,Рекон.,Кирпично-панельный,,56.9371114,24.1020828,0
314,Агенскалнс,Вилипа 8,3,59.0,450,30,9,9,1,467-я,Панельный,Лоджия,56.9482513,24.0573109,0
315,Югла,Юглас 3,2,45.0,295,30,5,5,0,Лит. пр.,Кирпичный,"Балкон, Парковочное место",56.9881815,24.2433013,0
316,Кенгарагс,Локомотивес 52,1,34.0,180,30,6,12,1,Чеш. пр.,Кирпично-панельный,Лоджия,56.9082224,24.2019694,0
317,Зиепниеккалнс,Валдекю 59,2,59.0,300,30,2,10,1,119-я,Панельный,Лоджия,56.9003583,24.0903954,0
318,Зиепниеккалнс,Баускас 61,1,23.0,270,30,2,2,0,Дов. дом,Деревянный,,56.9165037,24.1074611,0
319,Зиепниеккалнс,Озолциема 56,1,33.0,280,30,3,9,1,602-я,Панельный,Лоджия,56.901247,24.1017842,0
320,Зиепниеккалнс,Виенибас Г. 192,3,79.0,620,30,3,5,1,Нов.,Каменный,"Лоджия, Парковочное место",56.8999516,24.080068,0
321,Кливерсала,Валгума 122,1,23.0,220,30,1,4,0,Дов. дом,Каменный,,56.9430699,24.08932,0
322,Кенгарагс,Крустпилс 73,1,18.0,140,30,2,3,0,М. сем.,Кирпичный,,56.9122952,24.2059307,0
323,центр,Дарзауглю 12,1,43.0,330,30,1,3,0,Дов. дом,Каменный,,56.965306,24.1523162,0
324,центр,Артилерияс 56,1,26.3,240,30,1,4,0,Дов. дом,Каменный,Парковочное место,56.9558796,24.1451271,0
325,центр,Риепниеку 2,3,68.0,550,30,2,5,0,Сталинка,Кирпично-панельный,Балкон,56.9447267,24.1239947,0
326,Кенгарагс,Маскавас 250 k-2,2,44.0,270,30,3,5,0,Хрущ.,Кирпичный,Балкон,56.9159103,24.1740664,0
327,Шампетерис-Плескодале,Улманя Г. 101,4,91.0,1300,30,1,5,0,Нов.,Панельный,"Балкон, Терраса",56.92563949095195,24.036181467799697,0
328,Пурвциемс,Упеню 19,1,40.0,400,30,1,7,1,Нов.,Панельный,"Балкон, Парковочное место",56.9606190966079,24.19264554977417,0
329,Дарзциемс,Скудру 39,1,34.0,280,30,4,5,0,103-я,Кирпично-панельный,,56.9338927,24.1911944,0
330,Болдерая,Гобас 32,1,35.0,350,30,3,5,0,103-я,Панельно-кирпичный,,57.0284957,24.0548808,0
331,центр,Асара 20,1,25.0,230,30,4,6,0,Дов. дом,Каменный,Парковочное место,56.9561724,24.1519159,0
332,Агенскалнс,Дрейлиню 18,1,30.0,280,30,4,5,0,Хрущ.,Кирпичный,Парковочное место,56.943507,24.0595129,0
333,центр,Томсона 20,2,49.0,450,30,3,5,0,Дов. дом,Каменный,,56.9646728,24.125941,0
334,Золитуде,Ростокас 44,2,52.0,200,30,1,9,0,119-я,Панельный,,56.9483836,24.0145035,0
335,Пурвциемс,Ницгалес 53b,1,33.0,260,30,5,5,0,103-я,Кирпично-панельный,Парковочное место,56.9435119,24.1747046,0
336,Агенскалнс,Кандавас 8/4,2,42.0,250,30,3,3,0,Сталинка,Кирпичный,,56.9490556,24.0497331,0
337,центр,Звайгжню 24,1,20.0,30,1,2,6,0,Рекон.,Каменный,,56.9608685,24.1498563,1
338,Вецрига,Калею 49,1,18.0,450,30,2,5,0,Рекон.,Каменный,Парковочное место,56.9464477,24.1124595,0
339,центр,Бриана 14,3,60.0,700,30,4,4,0,Дов. дом,Кирпично-панельный,,56.9676941,24.1056221,0
340,центр,Бруниниеку 93,2,43.0,500,30,4,4,0,Дов. дом,Кирпичный,Балкон,56.9511337,24.1420367,0
341,Пурвциемс,Иерикю 58,1,43.0,33,1,9,9,1,Спец. пр.,Кирпичный,"Лоджия, Парковочное место",56.9656221,24.1826857,0
342,Иманта,Даммес 4,2,50.0,45,1,4,5,0,Лит. пр.,Панельный,Лоджия,56.9615952,24.0153756,1
343,центр,Госпиталю 34a,1,35.0,340,30,2,6,0,Дов. дом,Каменный,,56.9745531,24.1390346,0
344,Пурвциемс,Вайдавас 2,2,41.0,250,30,1,5,0,Хрущ.,Кирпичный,,56.9650353,24.176484,0
345,Кенгарагс,Маскавас 268,2,47.0,270,30,4,5,0,Лит. пр.,Панельный,"Балкон, Парковочное место",56.9051579,24.1858386,0
346,Кенгарагс,Прушу 26,1,20.0,240,30,2,3,0,Рекон.,Кирпичный,Парковочное место,56.91274803106557,24.190033078193668,0
347,Плявниеки,Павасара г. 2,1,35.0,220,30,2,9,1,602-я,Панельный,Балкон,56.9346294,24.1960336,0
348,Зиепниеккалнс,Вадакстес 20,2,50.0,450,30,5,5,0,Хрущ.,Кирпичный,Балкон,56.913286,24.0957718,0
349,Вецрига,Грециниеку 11,3,86.0,700,30,4,5,0,Сталинка,Кирпичный,,56.9471215,24.1085248,0
350,Саркандаугава,Приежу 14a,1,23.0,250,30,3,3,0,Дов. дом,Деревянный,,56.99268033343579,24.12868586422349,0
351,Кенгарагс,Саласпилс 6/3,1,30.0,270,30,5,5,0,Лит. пр.,Панельный,Балкон,56.9213393,24.1794414,0
352,центр,Алаукста 16,1,35.0,305,30,4,5,0,103-я,Кирпично-панельный,Парковочное место,56.959764,24.150828,0
353,центр,Гертрудес 99,1,25.0,310,30,3,6,0,Дов. дом,Каменный,,56.9499971,24.1363975,0
354,центр,Таллинас 86,1,29.8,415,30,4,5,0,Рекон.,Кирпичный,,56.956687,24.148193,0
355,центр,Бривибас 156 k1,1,30.0,230,30,3,5,0,Хрущ.,Каменный,,56.9652394,24.1426673,0
356,Плявниеки,Салнас 21,2,47.0,420,30,4,9,1,Нов.,Панельный,Лоджия,56.9422573,24.2279353,0
357,центр,Валдемара 145,1,15.0,170,30,1,6,0,Хрущ.,Кирпично-панельный,,56.9706542,24.132873,0
358,Засулаукс,Кандавас 8/8,2,41.0,220,30,4,5,0,Хрущ.,Кирпичный,Парковочное место,56.948209,24.0490709,0
359,центр,Стрелниеку 4b,1,32.0,700,30,1,6,0,Нов.,Кирпичный,Терраса,56.9607033,24.1106004,0
360,Кенгарагс,Локомотивес 98,2,45.0,340,30,5,5,0,Лит. пр.,Панельный,Балкон,56.9007667,24.2158223,0
361,центр,Гертрудес 91,3,80.0,450,30,2,6,0,Дов. дом,Кирпичный,,56.9504442,24.135687,0
362,Чиекуркалнс,Чиекуркална 3 п. л. 23,3,69.0,350,30,5,9,1,Спец. пр.,Кирпично-панельный,"Балкон, Лоджия, Парковочное место",56.98557,24.1680999,0
363,центр,Чака 30a,2,38.0,600,30,4,6,1,Рекон.,Каменный,,56.9515935,24.1288306,0
364,Дарзциемс,Ницгалес 40,1,36.0,250,30,4,5,0,Спец. пр.,Кирпично-панельный,,56.9476194,24.171383,0
365,центр,Авоту 53,3,93.0,600,30,2,4,0,Дов. дом,Каменный,,56.952457,24.1403721,0
366,Плявниеки,Ясмуйжас 3,3,62.0,280,30,1,9,0,602-я,Панельный,Балкон,56.9376953,24.2093368,0
367,Кенгарагс,Маскавас 256,2,43.0,330,30,4,5,0,Хрущ.,Панельный,Балкон,56.910251,24.1761644,0
368,центр,Валмиерас 3,1,35.0,369,30,2,4,0,Рекон.,Кирпичный,Парковочное место,56.94760875854415,24.14309220418038,0
369,Иманта,Даммес 2,1,34.0,300,30,9,9,1,602-я,Кирпично-панельный,Лоджия,56.9623052,24.0159201,0
370,Пурвциемс,Илукстес 54k7,1,43.0,200,30,5,5,0,М. сем.,Панельный,"Лоджия, Парковочное место",56.949596974581496,24.20418268873519,0
371,Пурвциемс,Илукстес 46,1,46.0,350,30,8,12,1,104-я,Кирпично-панельный,Терраса,56.9490805,24.1995934,0
372,центр,Пернавас 49,1,24.0,230,30,4,4,0,Ч. дом,Кирпичный,,56.954347,24.1537465,0
373,Саркандаугава,Твайка 56,2,52.0,380,30,3,3,0,Сталинка,Кирпичный,"Балкон, Парковочное место",57.0124585,24.1251802,0
374,центр,Рупниецибас 44,2,44.0,860,30,5,7,1,Нов.,Каменный,Парковочное место,56.9663769,24.1048109,0
375,центр,Зирню 5,3,59.0,400,30,1,9,1,467-я,Панельный,Лоджия,56.973014157756275,24.132622644328354,0
376,Межциемс,Бикерниеку 258,1,38.0,250,30,1,2,0,Спец. пр.,Кирпичный,Парковочное место,56.9618164,24.3038818,0
377,Межциемс,Кайвас 50,3,80.0,750,30,2,5,1,Нов.,Панельно-кирпичный,"Лоджия, Парковочное место",56.9558931,24.2451677,0
378,Вецрига,Вецпилсетас 17,1,61.0,540,30,5,5,0,Дов. дом,Каменный,Балкон,56.946211,24.1117156,0
379,центр,Чака 44,1,30.0,210,7,1,6,0,Дов. дом,Каменный,,56.9535801,24.1318057,0
380,Зиепниеккалнс,Грауду 56,2,55.0,330,30,2,2,0,Рекон.,Деревянный,Парковочное место,56.9097782,24.0861842,0
381,Дарзциемс,Дарзциема 68,1,29.0,230,30,2,4,0,Спец. пр.,Кирпичный,,56.9369041,24.1813656,0
382,р-н ул.Краста,Греду 1,3,65.0,350,30,2,5,0,Хрущ.,Кирпично-панельный,"Балкон, Парковочное место",56.9335621,24.1526936,0
383,Пурвциемс,Сактас 1a,2,57.0,490,30,2,3,0,Нов.,Каменный,"Балкон, Лоджия, Парковочное место",56.9554892,24.1698488,0
384,центр,Звайгжню 27,1,24.0,250,30,3,5,0,Дов. дом,Каменный,,56.9613177,24.1499074,0
385,Золитуде,Золитудес 46,2,54.0,30,30,4,9,0,119-я,Панельный,Лоджия,56.94172,24.0048887,0
386,центр,Гростонас 19,2,58.0,650,30,9,10,0,Нов.,Панельный,"Балкон, Парковочное место",56.9706612,24.1246825,0
387,Дарзциемс,Яунрозес 9,2,48.0,400,30,3,3,0,Спец. пр.,Кирпичный,,56.9458622,24.1666136,0
388,Агенскалнс,Астрас 11а,3,100.0,60,1,1,2,0,Ч. дом,Кирпичный,"Терраса, Парковочное место",56.9304199,24.0535517,0
389,центр,Рудолфа 1,1,28.0,280,30,3,6,0,Дов. дом,Каменный,,56.96197647447659,24.152042909985354,0
390,центр,Бривибас 60,2,60.0,360,30,1,2,0,Спец. пр.,Кирпично-панельный,Парковочное место,56.956384,24.1223364,0
391,Дарзциемс,Зундану 5,3,62.0,400,30,2,9,1,602-я,Панельный,"Балкон, Парковочное место",56.9299268,24.1750341,0
392,Зиепниеккалнс,Валдекю 62,1,36.0,200,30,5,9,1,602-я,Панельный,"Лоджия, Парковочное место",56.9010453,24.0939644,0
393,Саркандаугава,Зиемелю 17,1,29.0,185,30,1,4,0,Дов. дом,Кирпичный,,56.9676941,24.1056221,0
394,центр,Стабу 21,3,90.0,530,30,3,5,0,Дов. дом,Каменный,,56.9573623,24.1266418,0
395,Агенскалнс,Мартиня 8a,3,87.0,790,30,6,6,1,Рекон.,Каменный,Парковочное место,56.9476772,24.0711456,0
396,Иманта,Курземес пр. 98,1,36.0,260,30,2,9,0,602-я,Кирпично-панельный,Лоджия,56.9688324,24.0125627,0
397,Вецмилгравис,Мелидас 6,2,38.0,250,30,3,5,0,Лит. пр.,Панельный,Лоджия,57.030047,24.107415,0
398,Ильгюциемс,Цемента 18,2,48.0,250,30,3,5,0,Лит. пр.,Панельный,Лоджия,56.9700265,24.0573167,0
399,Агенскалнс,Ранькя Д. 34,5,170.0,2900,30,16,22,1,Нов.,Каменный,"Балкон, Терраса, Парковочное место",56.9482005,24.0776187,0
400,Тейка,Ропажу 45,1,12.0,170,30,1,5,0,Хрущ.,Кирпичный,,56.97975248292741,24.178639959895797,0
401,р-н ул.Краста,Салацас 1,1,33.0,280,30,3,4,0,Дов. дом,Кирпичный,Парковочное место,56.9304443,24.1685147,1
402,р-н ул.Краста,Салацас 1,1,40.0,330,30,2,4,0,Дов. дом,Кирпичный,Парковочное место,56.9304443,24.1685147,1
403,р-н ул.Краста,Салацас 1,1,38.0,320,30,4,4,0,Дов. дом,Кирпичный,Парковочное место,56.9304443,24.1685147,1
404,Болдерая,Гобас 20,1,39.0,230,30,7,10,1,Спец. пр.,Кирпичный,Лоджия,57.0296782,24.0528664,0
405,Кенгарагс,Аглонас 14,1,33.0,250,30,4,5,0,Хрущ.,Панельный,,56.91102693906924,24.18675416714155,0
406,Тейка,Бривибас гатве 308,2,47.0,350,30,4,4,0,Дов. дом,Каменный,Парковочное место,56.9783494,24.1843769,0
407,Шампетерис-Плескодале,Засулаука 28,1,20.0,350,30,1,1,0,Спец. пр.,Каменный,"Терраса, Парковочное место",56.9445608,24.0386523,0
408,центр,Бривибас 46,5,180.0,2800,30,4,6,1,Рекон.,Каменный,Балкон,56.9551762,24.1198314,0
409,Кенгарагс,Прушу 3,1,30.0,240,30,5,5,0,Лит. пр.,Панельный,,56.9169254,24.1841967,0
410,Кенгарагс,Саласпилс 12,1,30.0,30,1,4,5,0,Лит. пр.,Панельный,Балкон,56.92053782695099,24.18178644304043,0
411,Иманта,Юрмалас Г. 82,1,38.0,430,30,8,9,1,Нов.,Панельный,Балкон,56.95251,24.0079542,0
412,Межциемс,Эйзенштейна 57,3,62.0,500,30,3,9,1,602-я,Панельный,,56.9634347,24.2351074,0
413,Болдерая,Финиера 17,1,39.0,220,30,4,9,1,Спец. пр.,Кирпичный,"Лоджия, Парковочное место",57.0277654,24.0525709,0
414,Тейка,Раунас 58 k-2,2,53.2,600,30,1,3,0,Сталинка,Каменный,,56.9675546793367,24.18749141880239,0
415,Кенгарагс,Маскавас 285 k-5,2,37.0,300,30,2,5,0,Лит. пр.,Панельный,Балкон,56.9169676,24.1760423,0
416,Биерини,Ливес 8,2,40.0,300,30,1,1,0,Дов. дом,Кирпичный,Парковочное место,56.9676941,24.1056221,0
417,Тейка,Баяру 8,3,58.0,660,30,1,2,0,Рекон.,Кирпично-панельный,"Терраса, Парковочное место",56.9744645,24.1767908,0
418,центр,Авоту 4,1,20.0,440,30,4,5,0,Рекон.,Кирпичный,,56.9507634,24.1275823,0
419,центр,Масту 6,1,26.0,250,30,2,5,0,Хрущ.,Кирпичный,,56.97020520657518,24.100405022030642,0
420,Югла,Лиепкална 9,1,30.0,250,30,1,1,0,Спец. пр.,Кирпичный,Парковочное место,56.972272,24.2681628,0
421,Зиепниеккалнс,Баускас 51,2,40.0,320,30,3,5,0,Рекон.,Кирпичный,Парковочное место,56.9178787,24.1031615,0
422,Вецрига,Яуниела 21,3,55.0,700,30,4,5,0,Рекон.,Каменный,Балкон,56.9487587,24.1059487,0
423,Саркандаугава,Саркандаугавас 26,2,41.0,200,30,3,5,0,Хрущ.,Кирпичный,,57.0012086,24.125272,0
424,центр,Блауманя 31,3,100.0,290,30,1,5,0,Дов. дом,Каменный,Парковочное место,56.9515437,24.1266431,0
425,Агенскалнс,Грегора 2a,2,51.0,700,30,4,6,1,Нов.,Каменный,Балкон,56.9453263,24.0536908,0
426,центр,Клияну 6,1,35.0,420,30,5,9,1,Нов.,Панельно-кирпичный,"Терраса, Парковочное место",56.972567,24.149309,0
427,центр,Ганибу Д. 13,2,50.0,580,30,5,6,0,Нов.,Панельно-кирпичный,Парковочное место,56.9731463,24.1100235,0
428,центр,Ганибу Д. 13,3,70.0,680,30,5,6,0,Нов.,Кирпично-панельный,"Терраса, Парковочное место",56.9731463,24.1100235,0
429,Зиепниеккалнс,Саулкалнес 16,1,32.0,295,30,1,4,0,Хрущ.,Кирпичный,Парковочное место,56.9139488,24.098473,0
430,Плявниеки,Дзеню 1,2,50.0,45,1,5,9,1,602-я,Панельный,,56.9408046,24.2088118,0
431,Агенскалнс,Кристапа 8a,1,12.0,220,30,1,4,0,Хрущ.,Кирпично-панельный,,56.9430546,24.0610425,0
432,Агенскалнс,Валентина 16,1,36.0,420,30,2,3,1,Рекон.,Кирпичный,,56.940971,24.0537817,0
433,центр,Маскавас 38,2,49.0,400,30,4,6,0,Рекон.,Кирпично-панельный,Парковочное место,56.9398783,24.121915,0
434,Тейка,Куршу 25,1,18.0,280,30,3,3,0,Сталинка,Каменный,,56.9801311,24.1926191,0
435,Вецмилгравис,Домбровска 75,2,55.0,350,30,3,5,0,103-я,Кирпично-панельный,Лоджия,57.0370618,24.0947851,0
436,р-он ул. Маскавас,Садовникова 31,1,26.0,312,30,3,7,1,Нов.,Панельно-кирпичный,"Балкон, Парковочное место",56.9414709,24.1342165,0
437,р-он ул. Маскавас,Краславас 30,2,35.0,409,30,2,6,1,Нов.,Панельно-кирпичный,"Балкон, Парковочное место",56.9447359,24.1348878,0
438,центр,Алберта 11,2,55.0,200,30,3,6,0,Дов. дом,Каменный,,56.9591593,24.1086584,0
439,Зиепниеккалнс,Ливциема 49,1,35.0,240,30,1,9,0,602-я,Панельный,"Лоджия, Парковочное место",56.9035367,24.1022816,0
440,Зиепниеккалнс,Озолциема 28,2,50.0,400,30,9,9,1,602-я,Панельный,Лоджия,56.8993465,24.0965117,0
441,центр,Чака 92,2,65.0,49,1,3,5,1,Нов.,Панельный,Лоджия,56.9572961,24.1387713,1
442,центр,Госпиталю 38,2,45.0,450,30,2,7,0,Рекон.,Каменный,,56.9750176,24.138708,0
443,центр,Цесу 5,2,48.0,450,30,4,6,0,Дов. дом,Каменный,Парковочное место,56.9640257,24.1373856,0
444,центр,Меркеля 3,1,38.0,380,30,4,5,0,Дов. дом,Каменный,,56.94848458938684,24.11947445576577,0
445,центр,Дзирнаву 8,1,30.0,240,30,2,3,0,Дов. дом,Каменный,,56.9610925,24.1077811,0
446,Агенскалнс,Мукусалас 29,2,80.0,1250,30,4,4,1,Рекон.,Каменный,Парковочное место,56.9371114,24.1020828,0
447,Тейка,Ропажу 14 k-1,2,48.0,650,30,8,9,1,Нов.,Панельный,"Балкон, Парковочное место",56.9767291,24.1676881,0
448,Югла,Малиенас 72,2,45.0,320,30,1,5,0,Хрущ.,Панельный,Парковочное место,56.9755832,24.2516298,0
449,Дзегужкалнс,Слокас 59,1,42.0,350,30,2,8,0,Нов.,Кирпично-панельный,Парковочное место,56.9563081,24.0621567,0
